-- phpMyAdmin SQL Dump
-- version 4.5.1
-- http://www.phpmyadmin.net
--
-- 主機: localhost:3306
-- 產生時間： 2017 年 12 月 27 日 16:02
-- 伺服器版本: 5.1.73
-- PHP 版本： 5.5.30

SET SQL_MODE = "NO_AUTO_VALUE_ON_ZERO";
SET time_zone = "+00:00";


/*!40101 SET @OLD_CHARACTER_SET_CLIENT=@@CHARACTER_SET_CLIENT */;
/*!40101 SET @OLD_CHARACTER_SET_RESULTS=@@CHARACTER_SET_RESULTS */;
/*!40101 SET @OLD_COLLATION_CONNECTION=@@COLLATION_CONNECTION */;
/*!40101 SET NAMES utf8 */;

--
-- 資料庫： `apol_store`
--

-- --------------------------------------------------------

--
-- 資料表結構 `hot`
--

CREATE TABLE `hot` (
  `sort` tinyint(4) NOT NULL DEFAULT '0' COMMENT '銷售名次',
  `sid` varchar(10) DEFAULT NULL COMMENT '商品編號'
) ENGINE=MyISAM DEFAULT CHARSET=utf8;

--
-- 資料表的匯出資料 `hot`
--

INSERT INTO `hot` (`sort`, `sid`) VALUES
(5, 'gsvl08'),
(4, 'gsvl05'),
(3, 'gslb06'),
(2, 'gsft01'),
(1, 'hnfl08');

-- --------------------------------------------------------

--
-- 資料表結構 `marquee`
--

CREATE TABLE `marquee` (
  `date` varchar(20) NOT NULL DEFAULT '',
  `content` varchar(100) NOT NULL DEFAULT ''
) ENGINE=MyISAM DEFAULT CHARSET=utf8;

--
-- 資料表的匯出資料 `marquee`
--

INSERT INTO `marquee` (`date`, `content`) VALUES
('', '【台灣房屋-巨福不動產】-專業團隊、用心服務。   【台灣房屋-巨福不動產】-菁英募集…歡迎有心肯努力的您加入我們的團隊…年齡不限 歡迎同業先進、二度就業 加入我們 ! 讓百萬年薪不是夢');

-- --------------------------------------------------------

--
-- 資料表結構 `sclass`
--

CREATE TABLE `sclass` (
  `cid` varchar(4) NOT NULL DEFAULT '' COMMENT '類別編號',
  `cname` varchar(20) NOT NULL DEFAULT '' COMMENT '類別名稱',
  `sort` char(1) DEFAULT NULL COMMENT '排序'
) ENGINE=MyISAM DEFAULT CHARSET=utf8;

--
-- 資料表的匯出資料 `sclass`
--

INSERT INTO `sclass` (`cid`, `cname`, `sort`) VALUES
('gsfl', '岡山區農地', '1'),
('gsbl', '岡山區建地', '2'),
('gsil', '岡山區工業地', '3'),
('gsas', '岡山區預售', '4'),
('gsvl', '岡山區透天', '5'),
('gslb', '岡山區大樓', '6'),
('gsft', '岡山區廠房', '7'),
('gsfh', '岡山區農舍', '8'),
('gsdp', '岡山區倉庫', '9'),
('lzfl', '路竹區農地', '0'),
('lzbl', '路竹區建地', NULL),
('lzil', '路竹區工業地', NULL),
('lzas', '路竹區預售', NULL),
('lzvl', '路竹區透天', NULL),
('lzlb', '路竹區大樓', NULL),
('lzft', '路竹區廠房', NULL),
('lzfh', '路竹區農舍', NULL),
('lzdp', '路竹區倉庫', NULL),
('hnfl', '湖內區農地', NULL),
('hnbl', '湖內區建地', NULL),
('hnil', '湖內區工業地', NULL),
('hnas', '湖內區預售', NULL),
('hnvl', '湖內區透天', NULL),
('hnlb', '湖內區大樓', NULL),
('hnft', '湖內區廠房', NULL),
('hnfh', '湖內區農舍', NULL),
('hndp', '湖內區倉庫', NULL);

-- --------------------------------------------------------

--
-- 資料表結構 `shirt`
--

CREATE TABLE `shirt` (
  `sid` varchar(10) NOT NULL DEFAULT '' COMMENT '案件編號',
  `sidc` varchar(20) NOT NULL DEFAULT '',
  `cid` varchar(4) NOT NULL DEFAULT '' COMMENT '區別編號',
  `name` varchar(20) NOT NULL DEFAULT '' COMMENT '案件名稱',
  `color` varchar(20) NOT NULL DEFAULT '' COMMENT '開發',
  `price` int(11) NOT NULL DEFAULT '0' COMMENT '總價',
  `unit` varchar(11) NOT NULL DEFAULT '' COMMENT '單位',
  `land` varchar(10) NOT NULL DEFAULT '' COMMENT '地坪',
  `building` varchar(10) NOT NULL DEFAULT '' COMMENT '建坪',
  `layout` varchar(10) NOT NULL DEFAULT '' COMMENT '格局',
  `toward` varchar(10) NOT NULL DEFAULT '' COMMENT '座向',
  `park` varchar(10) NOT NULL DEFAULT '' COMMENT '車位',
  `dsort` tinyint(1) NOT NULL DEFAULT '1' COMMENT '優先顯示',
  `descripts` varchar(20) NOT NULL DEFAULT '' COMMENT '簡述',
  `descript` varchar(100) NOT NULL DEFAULT '' COMMENT '商品說明',
  `img` varchar(20) NOT NULL DEFAULT '' COMMENT '圖檔檔名'
) ENGINE=MyISAM DEFAULT CHARSET=utf8;

--
-- 資料表的匯出資料 `shirt`
--

INSERT INTO `shirt` (`sid`, `sidc`, `cid`, `name`, `color`, `price`, `unit`, `land`, `building`, `layout`, `toward`, `park`, `dsort`, `descripts`, `descript`, `img`) VALUES
('gsvl21', '岡透21', 'gsvl', '岡山本洲店面', '岡山店(07)623-3456', 880, '萬元', '18.59坪', '33.6坪', '4/2/3', '朝北', '', 1, '近工業區、臨15米大路、未來捷運計畫', '1.全新整理、立即可住。2.近工業區、車潮錢潮。3.臨15米大路、好停車。4.具發展性、投資自用性。5.未來捷運計畫、交通便利。', '17110901'),
('hnfl08', '湖農08', 'hnfl', '湖內大面寬農地', '岡山店(07)623-3456', 5310, '萬元', '2837.36坪', '', '', '朝西', '', 1, '1.臨20米大路。2.地點好，好利用。', '1.臨20米大路。2.地點好，好利用。3.可分割買賣。4.部分填土。5.近東方科大、情人碼頭。', '17102001'),
('mtil01', '彌工01', 'mtil', '彌陀工業地(乙工)', '岡山店(07)623-3456', 11328, '萬元', '1287.3坪', '', '', '朝北', '', 1, '1.臨路13米。2.適工廠、物流中心。', '1.臨路13米。2.適工廠、物流中心。3.地勢漂亮。', ''),
('gsfl05', '岡農05', 'gsfl', '大埔華崗農地', '岡山店(07)623-3456', 1734, '萬元', '2.55分', '', '', '西或南', '', 1, '三角窗。雙面路', '每分：680萬。正10米路。免填土。立即可用', '13011508'),
('gsfl07', '岡農07', 'gsfl', '華崗美農地', '岡山店 (07)623-3456', 1060, '萬元', '1.41分', '', '', '北', '', 2, '鄰近高速公路。大車可出入哦~', '每分：750萬元。交通超便利。交流道。工業區。地點好。超方正', '13011507'),
('gsvl14', '岡透14', 'gsvl', '岡山火車站黃金店', '岡山店(07)623-3456', 2153, '萬元', '53.85坪', '90.64坪', '', '坐北朝南', '', 1, '1.雙面臨路。2.地形方正，好利用。', '1.雙面臨路。2.地形方正，好利用。3.岡山蛋黃區建地附建物。4.商圈、豪宅林立。', ''),
('alvl02', '蓮透02', 'alvl', '阿蓮中路合法農舍', '岡山店(07)623-3456', 1350, '萬元', '1063.59坪', '774.21坪', '', '坐東朝西', '', 1, '1.合法建物，可合法使用。2.前後臨路。', '1.合法建物，可合法使用。2.前後臨路，出入超便利。', '17091501'),
('gsbl02', '岡建02', 'gsbl', '【決心賣】陽明建地183坪', '岡山店(07)623-3456', 3730, '萬元', '183.31坪', '', '', '', '', 1, '1、近國中、市場。2、公園、國稅局', '[每坪20.3萬]1、近國中、公園。2、近國稅局、市場。歡迎預約看地', '16081702'),
('gsvl03', '岡透03', 'gsvl', '前峰金店面', '岡山店(07)623-3456', 1380, '萬元', '30.55坪', '53.25坪', '', '朝東北', '', 1, '1.住家、店面皆首選。2.人潮商圈聚集。', '1.住家、店面皆皆首選。2.人潮商圈聚集。3.屋況漂亮、大路旁。', '17090801'),
('gsvl01', '岡透01', 'gsvl', '首選車站黃金店面', '岡山店(07)623-3456', 2580, '萬元', '28.47坪', '98.2坪', '6/2/5', '西', '騎樓', 3, '正岡山夜市對面。人潮錢潮旺旺來', '正5樓屋。近車站。岡山夜市對面。走路去黃昏市場。買到賺到', '13012803'),
('gslb09', '岡樓09', 'gslb', '陽光美三房+平車', '岡山店(07)623-3456', 498, '萬元', '', '43.49', '3/2/2', '朝南', '平面車位', 1, '近捷運、交流道、省道，交通便利。', '1.近捷運、交流道、省道，交通便利。2.河堤旁、環境超佳。3.屋況美，立即進住。4.市中區、生活機能佳。', '17103101'),
('ynvl01', '永透01', 'ynvl', '都市大地車墅', '岡山店(07)6233-456', 430, '萬元', '19.94坪', '44.67坪', '4房2廳3衛', '朝西', '車庫', 1, '1、一樓孝親房。2、適小家庭', '1、一樓孝親房。2近路竹科學園區、本洲工業區。3、生活機能便利', '17041301'),
('gsvl02', '岡透02', 'gsvl', '國稅局庭院別墅', '岡山店(07)623-3456', 1350, '萬元', '58.38坪', '20.81坪', '2房1廳1衛', '朝北', '車庫', 1, '1、超美庭院別墅。2、全新翻新屋況', '1、超美庭院別墅。2、全新翻新屋況。3、大地坪、三角窗。4、近交流道、捷運', '16052502'),
('gsvl19', '岡透19', 'gsvl', '岡山花都車墅', '岡山店(07)623-3456', 638, '萬元', '29.22坪', '42.48坪', '5/2/3.5', '朝西北', '車庫', 1, '1屋況佳可立即入住。2.難得釋出。', '1屋況佳、可立即入住。2.一樓可當車庫或是孝親房。3.近省道、本洲工業區、路科。4.難得釋出，又便宜，機會難求啊!!', '17102701'),
('zzfl01 ', '其農01', 'zzfl', '屏東優質大農地', '岡山店(07)623-3456', 608, '萬元', '686.37坪', '', '', '朝南', '', 1, '1.聚財寶地。2.養老的開心農場。', '1.聚財寶地。2.養老的開心農場。', '17102102'),
('gsbl06', '岡建06', 'gsbl', '竹圍黃金三角建地', '岡山店(07)623-3456', 5200, '萬元', '162.56坪', '', '', '朝東/南', '', 1, '1.雙面路。2.近公園、商圈、學區', '1.雙面路、環境優質。2.近公園、商圈、學區。3.地美方正好規劃。', '17102402'),
('gsbl01', '岡建01', 'gsbl', '岡山省道建地547坪', '岡山店(07)623-3456', 19172, '萬元', '547.77坪', '', '', '雙面臨路', '', 1, '1、正省道旁店面型建地。2、地形正好利用', '1、每坪35萬/元。2、省道上店面型建地。3、地形好利用、高利用價值', ''),
('zzbl03', '其建03', 'zzbl', '屏東甲建+特農地', '岡山店(07)623-3456', 1380, '萬元', '425.1坪', '', '', '朝東', '', 1, '1.稀有甲種建地+大坪數農地。', '1.建:220.90坪、農:204.20坪。2.稀有甲種建地+大坪數農地。3.適建商蓋庭院豪宅。4.雙面路、近交流道。', '17102101'),
('gsvl17', '岡透17', 'gsvl', '岡山捷運站前金店住', '岡山店(07)623-3456', 1588, '萬元', '24.8坪', '66.18坪', '5/2/4/3陽', '朝北', '騎樓', 1, '交通便利，完美金店住', '不論火車站、捷運、省道、國道、加油站開店一次滿足，您錯過就沒有了!!', '17102501'),
('lzfl01', '路農01', 'lzfl', '油機超便宜農地', '岡山店(07)623-3456', 398, '萬元', '402.52坪', '', '', '座西北朝東南', '', 1, '1.近高速公路。2、環境好', '地：1.37分。近高速公路。2、環境好。3、休閒自用佳', '16052001'),
('zzvl02', '其透02', 'zzvl', '北高電梯大豪宅2', '岡山店(07)6233-456', 6688, '萬', '85.71坪', '143.79坪', '5房3廳7衛', '座南朝北', '車庫', 1, '1.面大綠公園。2.全新未住', '1.面千坪大公園。2.日本免治馬桶。3.高貴不貴，您值得擁有', '17092103'),
('lzvl01', '路透01', 'lzvl', '【降】忠孝邊間美車墅', '岡山店(07)6233-456', 535, '萬元', '29.51', '42.62', '5房2廳3衛', '朝西北', '車庫停車', 1, '1.市中心、生活便利。2.近學區', '1.市中心、生活機能佳。2.近學區、市場、公園。3.格局好、邊間屋、採光佳', '17081401'),
('gsvl16', '岡透16', 'gsvl', '後紅優質透天', '岡山店(07)623-3456', 880, '萬元', '25.10坪', '51.43坪', '4/2/3', '朝東', '', 1, '1.臨路10米。2.近省道、火車站、捷運', '1.臨路10米。2.近省道、火車站、捷運，交通方便。3.鬧中取靜。', '17102301'),
('hnfl03', '湖農03', 'hnfl', '東方社區農地', '岡山店(07)623-3456', 3455, '萬元', '6.54分', '', '', '西南', '', 1, '＊臨緊優質社區＊　　　　＊地形方正', '＊地：6.54分　　＊地形方正　＊免填土　　＊適自建超大豪宅', '13010302'),
('hnfl02', '湖農02', 'hnfl', '和平路超讚農地', '岡山店(07)623-3456', 3690, '萬元', '5.27分', '', '', '西', '', 1, '1、每分700萬。2、面寬82米。3、2', '1、路草好。2、每分700萬。面寬82米。3、臨25米路。4、買到賺到。4、自用農舍首選', '17102001'),
('lzvl03', '路透03', 'lzvl', '路竹省道金店面', '岡山店(07)623-3456', 1500, '萬元', '13.34坪', '34.63坪', '3房1廳3衛', '坐西朝東', '', 1, '1.路竹省道旁。2.近學區、夜市、市場。', '1.路竹省道旁。2.近學區、夜市、市場。3.政府機關林立。5.適文武百市。', '17100402'),
('hnfl06', '湖農06', 'hnfl', '東方15米路農地5.16分', '岡山店(07)623-3456', 3250, '萬元', '5.16分', '', '', '東', '', 1, '1。臨15米路。2、面寬90米。', '1、每分：630萬。2、臨15米大路 3、面寬90米、深58米。4、近交流道', '13031303'),
('hnfl01', '湖農01', 'hnfl', '大湖都計農地', '岡山店(07)623-3456', 1040, '萬元', '2.45分', '', '', '東北', '', 1, '＊地形方正。藍天綠地＊每分425萬元', '＊地形方正。藍天綠地＊　＊適合投資自用＊物美價廉＊交通發達。生活機能好', '13011002'),
('alvl01', '蓮透01', 'alvl', '中正大透天', '岡山店(07)6233-456', 750, '萬元', '48.67坪', '84.10坪', '3房2廳3衛', '朝東', '車庫', 1, '1.屋況美。2.大地坪', '1.屋況美，免整理。2.鄰近市場、小學-生活機能好。3.格局好利用', '17050201'),
('gsfl02', '岡農02', 'gsfl', '岡山開心農場', '岡山店(07)623-3456', 888, '萬元', '406.25坪', '', '', '朝北/西', '', 1, '低價買大農地', '低價買大農地，種植收成賺飽飽。', '17110201'),
('gsvl08', '岡透08', 'gsvl', '岡山前峰大面寬透天', '岡山店(07)6233-456', 1650, '萬元', '82.58坪', '41.17坪', '', '朝西南', '車庫', 1, '1.面寬9米。2.方正大透天', '1.面寬9米。2.可蓋2戶。3.岡山優質住宅區。4.物件稀有釋出，超搶手物件。', '17092201'),
('lzil01', '路工01', 'lzil', '路竹省道工業地420坪', '岡山店(07)623-3456', 5385, '萬元', '420坪', '', '', '座東朝西', '', 1, '1、大面寬，適五金百貨。2、正省道旁', '1、大面寬。2、適五金百貨。3、工廠林立。4、乙種工業用地', '14092201'),
('galb06', '岡樓06', 'gslb', '岡山公園三房+平車', '岡山店(07)623-3456', 438, '萬元', '6.72坪', '38.44坪', '3/2/2', '朝南', '平面車位', 1, '1.公園、壽天國小旁。2.一層一戶', '1.中山公園旁。近壽天國小。2.一層一戶，出入單純。3.正市中心，附平面車位。4.首購首選。\r\n', '17111102'),
('gsft01', '岡廠01', 'gsft', '岡山甲工合法廠房', '岡山店(07)6233-456', 1980, '萬', '118.28坪', '95.59坪', '', '朝東南', '', 1, '1.岡山合法小型工業區。2.甲工好利用。', '1.岡山合法小型工業區。2.甲工好利用。3.近岡山交流道。4.地點便捷', '17100201'),
('lzbl01', '路建01', 'lzbl', '路科超值建地', '岡山店(07)6233-456', 368, '萬', '58.19坪', '', '', '朝東南', '', 1, '1.近路科。2.每坪6.4萬', '1.近路科、小學、濱海。2.每坪6.4萬。3.面寬18米。4.自地自建首選', '17100601'),
('lzrn01', '路租01', 'lzrn', '路竹國昌金店面(租)', '岡山店(07)623-3456', 5, '萬元', '47.91坪', '88.56坪', '', '座北朝南', '', 1, '1.適辦公及商圈。2.近公園、省到', '1.適辦公及商圈。2.近公園、省到、麥當勞、夜市。3.採光超棒。4.有增建(每層10坪)。', '17101002'),
('gslb01', '岡樓01', 'gslb', '稅捐精品3房美屋', '岡山店(07)6233-456', 378, '萬元', '9.44坪', '28.72坪', '3房2廳2衛', '朝西', '', 1, '1.名師設計精品美3房', '1.名師設計精品美3房。2.恬靜優雅好住家。3.立即可入住', '17042501'),
('hnfl05', '湖農05', 'hnfl', '湖內東方8.7分農地', '岡山店(07)623-3456', 5330, '萬元', '8.74分', '', '', '東北', '', 1, '＊地：８．74分＊近大學、社區＊', '＊地：８．74分　＊近大學、社區　＊臨８米路　＊都市計畫內 *每分610萬', '13031504'),
('lzbl06', '路建06', 'lzbl', '路竹大社黃金建地', '岡山店(07)623-3456', 1380, '萬元', '58.13坪', '', '', '座北朝南', '', 1, '1、近中、小學區。2、面寬8.4米。', '1、每坪23.8萬。2、可蓋2戶。3、臨15米大路。4、適自建別墅、行號、店面', '15090801'),
('lzbl03', '路建03', 'lzbl', '麥當勞雙面路建地', '岡山店(07)623-3456', 8725, '萬元', '311.62坪', '', '', '雙面臨路', '', 1, '1、黃昏市場、夜市旁。2、每坪28萬元', '1、市場、夜市、中正商圈。2、雙面臨路超好利用。3、每坪28萬元~心動不如馬上行重', '14092204'),
('ynfl01', '永農01', 'ynfl', '近永安國中優質農地', '岡山店(07)6233-456', 1500, '萬', '3.57分', '', '', '座南朝北', '', 1, '1.近台17線。2.近學區', '1.近台17線、工業區。2.近學區。3.地形方正', '17081902'),
('gabl03', '岡建03', 'gsbl', '劉厝優質建地', '岡山店(07)623-3456', 456, '萬元', '32.51', '', '', '朝西南', '', 1, '1.地形方正。2.自地自建首選。', '1.地形方正。2.自地自建首選。3.近劉厝公園、學區。4.近省道、捷運、交通方便。5.岡山重劃區旁。', '17110101'),
('zzbl01', '旗建01', 'zzbl', '旗山7-11旁建地', '岡山店(07)6233-456', 550, '萬', '57.54坪', '', '', '朝西北', '', 1, '1.每坪9.6萬。2.臨12米路', '1.每坪9.6萬。2.臨12米路。3.生活機能佳', '17082902'),
('gsvl15', '岡透15', 'gsvl', '中華西美車墅', '岡山店(07)623-3456', 998, '萬元', '25.41坪', '48.91坪', '5/2/3', '朝南', '車庫', 1, '1.前後有路、面寬6米。2.熱鬧區機能好', '1.前後有通到、面寬6米。2.熱鬧區、生活機能好。3.近學區、醫院。4.屋況好、免整理。', '17102002'),
('gsvl12', '岡透12', 'gsvl', '岡山灣里前瞻增值厝(04)', '岡山店(07)623-3456', 2261, '萬元', '71.12坪', '141.11坪', '', '朝東南', '車庫', 1, '1.前瞻計畫增值區。2.全新未住大豪宅。', '1.前瞻計畫增值區。2.全新未住大豪宅。3.下一個黃金地段住宅。', '17101101'),
('gslb03', '岡樓03', 'gslb', '捷運美三房+車位', '岡山店(07)6233-456', 450, '萬', '2.59坪', '27.9坪', '3房2廳2衛', '座南朝北', '車位', 1, '1.全新整理。2.屋美附車位', '1.近捷運、學區、車站、交流道。2.住家環境品質好。3.生活機能棒', '17081402'),
('gsvl09', '岡透09', 'gsvl', '岡山灣里前瞻增值厝(店面)', '岡山店(07)623-3456', 3613, '萬元', '82.97坪', '200.04坪', '', '朝西南', '車庫', 1, '1.全新大地坪店面。2.省道旁。', '1.前瞻計畫增值區。2.全新大地坪店面。3.省道旁車潮錢潮多的地店。', '17101101'),
('zzil01', '其工01', 'zzil', '關廟超值廠房', '岡山店(07)623-3456', 7800, '萬元', '1430.1坪', '71.5坪', '', '朝西南', '', 1, '1、現在廠房。2、臨15米路。', '1、買到賺到，機會難得。2、現有廠房立即可用。3、臨15米南雄路', '15110401'),
('gsvl11', '岡透11', 'gsvl', '岡山灣里前瞻增值厝(03)', '岡山店(07)623-3456', 1642, '萬元', '64.19', '101.75', '', '朝西北', '車庫', 1, '1.前瞻計畫增值區。2.全新未住大豪宅。', '1.前瞻計畫增值區。2.全新未住大豪宅。3.下一個黃金地段住宅', '17101101'),
('gsvl13', '岡透13', 'gsvl', '岡山灣里前瞻增值厝(05)', '岡山店(07)623-3456', 1924, '萬元', '64.95坪', '127.56坪', '', '朝東南', '車庫', 1, '1.前瞻計畫增值區。2.全新未住大豪宅。', '1.前瞻計畫增值區。2.全新未住大豪宅。3.下一個黃金地段住宅。', '17101101'),
('gsbl10', '岡建10', 'gsbl', '岡山捷運美建地', '岡山店(07)623-3456', 1350, '萬元', '48.18坪', '', '', '北', '', 1, '1、近火車站、捷運站   2、岡山省道旁', '【每坪才：28萬元】1、近車站、捷運站。2、省道旁。3、生活機能超便利。', '13062709'),
('lzbl02', '路建02', 'lzbl', '大社建地', '岡山店(07)623-3456', 17908, '萬元', '447.7坪', '', '', '東南', '', 1, '1、路竹大社路黃金地段 2、機會難得', '1、正路竹大社路旁。2、每坪：32萬元。3、機會難得，要買要快~', '13012811'),
('qtbl01', '橋建01', 'qtbl', '橋頭甲圍美建地', '岡山店(07)6233-456', 780, '萬', '78.08坪', '', '', '朝西北', '', 1, '1.雙面臨路。2.地形方正', '1.雙面臨路。2.地形方正。3.面寬9米。4.優質居家環境。5.近大學、小學', '17082901'),
('hnfl07', '湖農07', 'hnfl', '台17線美農地', '岡山店(07)6233-456', 2670, '萬', '3.82分', '', '', '座西朝東', '', 1, '1.正台17線上。2.地點超棒', '1.正台17線上。2.近科大、情人碼頭。3.價可談。4.歡迎來電預約看地', ''),
('gsvl20', '岡透20', 'gsvl', '岡山學區超值透天', '岡山店(07)623-3456', 680, '萬元', '21.47坪', '47.09坪', '4房2廳3衛', '朝東', '車庫', 1, '1.雙學區。2.屋況優、採光好。', '1.國中、國小雙學區。2.屋況優、採光好。3.近省道、捷運、高速公路，交通方便。4.鬧中取靜。', '17110401'),
('', '', '', '', '', 0, '', '', '', '', '', '', 1, '', '', ''),
('lzvl05', '路透05', 'lzvl', '路竹全新7米寬車墅', '岡山店(07)623-3456', 1528, '萬元', '43.69坪', '89.05坪', '6房2廳5衛', '坐西朝東', '車庫', 1, '1.邊間採光車墅。2.全新透天，4套房。', '1近路竹交流道、交通方便。2.鄰近一甲學區、黃昏市場。3.全新大透天、4套房。5.邊間採光車墅。', '17101201'),
('ycft01', '燕廠01', 'ycft', '大高雄工業國', '岡山店(07)623-3456', 1400, '萬元', '66.49', '100.45', '4房3廳3衛', '朝西北', '', 1, '1.可合法廠登。2.住廠和一。', '1.可合法廠登。2.住廠和一。', '17050901'),
('gsbl05', '岡建05', 'gsbl', '岡山郵局美建地', '岡山店(07)623-3456', 5900, '萬元', '155.485坪', '', '', '南/北', '', 1, '1.雙面臨路。2.可建6戶。', '1.雙面臨路。2.可建6戶。3.近市場、火車站。4.岡山正港市中心地段。', ''),
('gsbl03', '岡建03', 'gsbl', '岡山國宅前建地', '岡山店(07)623-3456', 3200, '萬元', '64.13坪', '', '', '座東朝西', '', 1, '1、適文武百市。2、正省道旁建地', '1、投資+自用。2、高利用價值。3、好規劃、利用高', ''),
('lzvl02', '路透02', 'lzvl', '路科全新電梯豪宅', '岡山店(07)623-3456', 2200, '萬元', '83.62坪', '189.26坪', '', '坐東朝西', '', 1, '1.鄰近路科。2.全新氣派落成。', '1.鄰近路科。2.全新氣派落成。3.空中花園好居家。5.小型社區高住戶品質。', '17092002'),
('ynfl02', '永農02', 'ynfl', '永安烏樹林大漁塭', '岡山店(07)623-3456', 11400, '萬元', '12甲6.7分', '', '', '', '', 1, '1、每分90萬。2、水質環境優~', '1、每分90萬。2、龍瞻石斑的故鄉~3、水質環境好', '14111701'),
('gsvl18', '岡透18', 'gsvl', '岡山竹圍學區超值透天', '岡山店(07)623-3456', 420, '萬元', '25.41坪', '21.47坪', '2/2/2', '朝西北', '', 1, '1.近竹圍商圈、生活機能超佳。2邊間透天', '1.近竹圍商圈、生活機能超佳。2.邊間透天、採光佳、通風佳。3.大樓價買透天、買到賺到。4.通巷重劃區旁、環境悠靜、鬧中取靜。', '17102601'),
('gsvl05', '岡透05', 'gsvl', '石潭投資透天', '岡山店(07)623-3456', 390, '萬元', '30.71坪', '31.61坪', '3房1廳2衛', '座北朝南', '騎樓', 1, '1.大樓價買透天。2.近7-11', '1.大樓價買透天厝。2.生活便捷。3.近空軍官校，地點好。4.歡迎來電看屋', '17091201'),
('gsfl13', '岡農13', 'gsfl', '成功別墅美農地', '岡山店(07)623-3456', 2730, '萬元', '5.7分', '', '', '座北朝南', '', 1, '1、每分480萬元。2、生活機能便利。3', '', ''),
('gsvl07', '岡透07', 'gsvl', '岡山庭院豪華車墅', '岡山店(07)6233-456', 2300, '萬', '236.4坪', '141.1坪', '7房2廳5衛', '朝南', '車庫', 1, '超大地坪、豪華居家', '1.大地坪。庭院式車庫豪宅。2、適三代同堂、大家庭。3、物美價廉購屋首選', '17060501'),
('mtil02', '彌工02', 'mtil', '彌陀南寮1173坪工業地', '岡山店(07)623-3456', 5280, '萬元', '1173.46坪', '', '', '座西北朝東南', '', 1, '1、每坪：4.5萬元。2、拖板車、聯結車', '1、每坪4.5萬元。2、拖板、聯結可出入。3、免填土、立即用。4、投資宜', ''),
('lzbl05', '路建05', 'lzbl', '路竹超划算建地', '岡山店(07)623-3456', 516, '萬元', '58.62坪', '', '', '朝西', '', 1, '1.近路竹黃昏市場。2.近路竹大社國小。', '1.近路竹黃昏市場。2.近路竹大社國小。3.生活機能便利。4.離塵不離市。5.幼稚園、國中小、市場、高速公路、公園就在附近。', '17102401'),
('gsrn01', '岡租01', 'gsrn', '【租】岡山中街一樓店面', '岡山店(07)6233-456', 2, '萬', '22.38坪', '17.7坪', '1廳1衛', '朝北', '騎樓', 1, '1.岡山中街商圈一樓金店面。2.旺旺屋', '1.正岡山中街商圈。2.租金超划算。3.人錢潮超旺', '17092101'),
('gslb07', '岡樓07', 'gslb', '岡山景觀三房', '岡山店(07)623-3456', 320, '萬元', '1.99坪', '23.98坪', '3/2/2', '朝北', '', 1, '1.景觀佳，可眺望美景。2.屋況優。', '1.景觀佳，可眺望美景。2.屋況優，立即入住。3.底總價，甜蜜成家。', '17102003'),
('mtfl02', '彌農02', 'mtfl', '彌陀休閒農地', '岡山店(07)623-3456', 980, '萬元', '2.8分', '', '', '朝東/朝東北', '', 1, '1、雙面臨路。2、交通便利', '1、雙面臨路。2、決心賣。3、出價來談。', '14061703'),
('zzvl03', '其透03', 'zzvl', '北高電梯大豪宅2', '岡山店(07)6233-456', 4688, '萬', '63.74坪', '153.98坪', '5房3廳7衛', '座南朝北', '車庫', 1, '1.面大綠公園。2.全新未住', '1.面千坪大公園。2.日本免治馬桶。3.高貴不貴，您值得擁有', '17092103'),
('gslb08', '岡樓08', 'gslb', '竹圍學區樓中樓+車位', '岡山店(07)623-3456', 498, '萬元', '5.07坪', '38.27坪', '3/2/2', '朝西', '機械', 1, '1.雙學區、在公園旁。2.地點絕佳。', '1.國小、國中雙學區、公園就在住家旁。2.地點絕佳、管理嚴謹。3.車位大樓、附家具、家電。4.屋況美、立即可住。', '17103001'),
('gsvl10', '岡透10', 'gsvl', '岡山灣里前瞻增值厝(02)', '岡山店(07)623-3456', 1745, '萬元', '67.44', '107.34', '', '朝西北', '車庫', 1, '1.前瞻計畫增值區。2.全新未住大豪宅。', '1.前瞻計畫增值區。2.全新未住大豪宅。3.下一個黃金地段住宅。', '17101101'),
('gsvl06', '岡透06', 'gsvl', '正言歐風車墅', '岡山店(07)6233-456', 798, '萬', '19.66坪', '29.64坪', '4房3廳4衛', '朝東', '車庫', 1, '1.北歐全新設計。2.立即可住', '', '17051101'),
('gsbl11', '岡建11', 'gsbl', '白米超值建地', '岡山店(07)6233-456', 1530, '萬', '110.89坪', '', '', '朝東北', '', 1, '1.每坪13.8萬。2.物美價廉', '', '17051103'),
('gslb02', '岡樓02', 'gslb', '竹圍四房溫馨家園', '岡山店(07)6233-456', 498, '萬', '5.43坪', '31.26坪', '4房2廳3衛', '朝東', '', 1, '1.全新歐風裝璜。2.近學區、公園', '1.陽台進出、後院大好利用。2.歐式英倫風、一卡皮箱入住。3.採光好、通風佳', '17051102'),
('zzlb03', '其樓03', 'zzlb', '台糖天璽精緻2房', '岡山店(07)6233-456', 498, '萬元', '2.44坪', '23.29坪', '2房1廳1衛', '朝西南', '', 0, '1.雙陽台。2.全新精緻裝璜', '1.近台糖量販，生活便利。2.雙陽台，衛浴開窗。3.精緻裝璜，立即可住。4.三年全新未住屋', '17051104'),
('gsfl01', '岡農01', 'gsfl', '為隨廠用農地', '岡山店(07)6233-456', 875, '萬', '468.87坪', '', '', '朝南', '', 1, '地：1.59分。每分550萬元', '1.路草好。地形方正。適工廠、倉庫。2.低總價好入手。3.地點好，交通便捷', '17060502'),
('lzfl02', '路農02', 'lzfl', '近路科14.7分農地', '岡山店(07)6233-456', 13230, '萬', '14.7', '分', '', '座南朝北', '', 1, '1.近科學園區、科大2.可分割', '1.近科學園區、高苑科大。2.每分900萬。3.可分割買賣。4.近省道、交流道', '17081901'),
('zzvl05', '其透05', 'zzvl', '北高電梯大豪宅1', '岡山店(07)6233-456', 5688, '萬', '72.29坪', '155.53坪', '5房3廳7衛', '座南朝北', '車庫', 1, '1.面千坪大公園。2.高貴不貴優住宅', '1.面千坪大公園。2.日本免治馬桶。3.高貴不貴，您值得擁有', '17092103'),
('zzvl01', '其透01', 'zzvl', '北高(仁武)金店面透天', '岡山店(07)6233-456', 1480, '萬元', '31.15坪', '55.45坪', '4房2廳5衛', '朝東北', '車庫', 1, '1.漂亮美景。2.近仁武商圈', '1.漂亮美景。2.值得收藏。3.近仁武熱鬧商圈。4.溫馨裝璜', '17092102'),
('gsbl07', '岡建07', 'gsbl', '岡山前峰小別墅建地', '岡山店(07)623-3456', 1488, '萬元', '104.36坪', '', '', '朝東', '', 1, '商業用地、建地使用率高', '商業用地、建地使用率高，地主誠意出售，好談價', '17110801'),
('gslb05', '岡樓05', 'gslb', '竹圍超值店住', '岡山店(07)623-3456', 768, '萬元', '12.24坪', '72.39坪', '4/2/2', '東', '', 1, '1.竹圍商圈。 2.室內空間大。', '1.竹圍商圈。\r\n2.室內空間大。\r\n3.前道寬敞。4.大面寬。醒目好地點。\r\n', '17111101'),
('gsft02', '岡廠02', 'gsft', '岡山為隨收租廠房', '岡山店(07)623-3456', 3600, '萬元', '638.27坪', '約470坪', '', '朝北', '', 1, '1.近路科交流道。2.獨立農地廠房。', '1.近路科交流道。2.獨立農地廠房。3.廠況佳、動線好規劃。4.現出租中，投資收租。\r\n', '17111602'),
('gsfl03', '岡農03', 'gsfl', '岡山近交流道設廠農地', '岡山店(07)623-3456', 1500, '萬元', '733.26坪', '', '', '朝南', '', 1, '1.前後9米路。2.近路科交流道。', '1.近路科交流道、交通便利。2.地形方正、好規劃。3.前後9米路、大車好進出。\r\n', '17111601'),
('gsft03', '岡廠03', 'gsft', '岡山本洲甲工廠房', '岡山店(07)623-3456', 10462, '萬元', '817.37坪', '232.32坪', '', '朝西北', '', 1, '最佳合法設廠，甲種工業地', '1.近本洲工業區，上下游連接鍊。2.最佳合法設廠，甲種工業地。3.工業地短缺中，難得釋出。', '17112001'),
('gsrn02', 'r岡廠01', 'gsrn', '為隨工業商辦店住(租)', '岡山店(07)623-3456', 10000, '元/月', '24.38坪', '56.92坪', '4/1/2', '朝東', '', 1, '1.20米路旁。2.可廠登工業住宅。', '1.20米路旁。交通便利。2.可廠登工業住宅。3.路草好。近路科交流道、省到。4.商辦店住，三合一。\r\n', '17112301'),
('gsft05', '岡廠05', 'gsft', '為隨工業商辦店住', '岡山店(07)623-3456', 600, '萬元', '24.38坪', '56.92坪', '5/2/3', '朝東', '', 1, '1.20米路旁。2.可廠登工業住宅。', '1.20米路旁。交通便利。2.可廠登工業住宅。3.路草好。近路科交流道、省到。4.商辦店住，三合一。\r\n', '17112301'),
('gsrn03', 'R岡透02', 'gsrn', '岡山雙學區套房(租)', '岡山店(07)623-3456', 6500, '元/月', '', '', '套房', '', '', 1, '1.包水電、網路、第四台。2.全新整理', '1.國中、國小雙學區。\r\n2.全新整理，每間都是套房。\r\n3.包水電、網路、第四台。\r\n\r\n', '17112401'),
('gsrn05', 'R岡廠02', 'gsrn', '陽明商辦倉庫(租)', '岡山店(07)623-3456', 8, '萬元/月', '', '約100坪', '1房2衛', '朝西', '', 1, '近省道、捷運、高速公路。', '1.國中、國小雙學區。\r\n2.可合法使用。\r\n3.近省道、捷運、高速公路。\r\n', '17112402'),
('gsvl22', '岡透22', 'gsvl', '岡山星巴克店住', '岡山店(07)623-3456', 1050, '萬元', '22.68坪', '54.50坪', '5/2/3', '朝北', '', 1, '1.岡山站前商圈。2.未來捷運站。', '1.岡山火車站前商圈、生活機能佳。2.未來捷運站，增值空間大。店住即可，地標醒目。4.交通方便、地點佳、難得釋出。', '17112403'),
('gsbl08', '岡建08', 'gsbl', '岡山省道鈔集店面建地', '岡山店(07)623-3456', 2070, '萬元', '51.72坪', '', '', '朝西', '', 1, '1.省道上。2.正中心、商業區。', '1.省道上、店家林立。2.近車站、捷運站、市場。3.正中心、商業區、文武雙市。4.前後有路，好使用。5.旁有大型停車場，車潮人潮錢潮。\r\n', '17112701'),
('gslb10', '岡樓10', 'gslb', '竹圍四房美樓', '岡山店(07)623-3456', 420, '萬元', '3.92坪', '38.93坪', '4/2/2', '朝東', '', 1, '明亮4房格局方正、近學校、公園、商圈。', '1.明亮4房、格局方正、空間大。2.24小時管理。環境悠靜。3.近學校、公園、商圈、生活便利。4.後有國有地，可免費停車，年省1.4萬。\r\n', '17120401'),
('gslb11', '岡樓11', 'gslb', '岡山嚴選優質華廈', '岡山店(07)623-3456', 358, '萬元', '8.11坪', '38.26坪', '3房1廳2衛2陽', '朝西南', '機械', 1, '1.便宜華廈。2.小孩上下課方便。', '1.便宜華廈。2.小孩上下課方便。3.近商圈跟公園。\r\n', '17120402'),
('zzfl02', '其農02', 'zzfl', '內埔信義路合法農舍', '岡山店(07)623-3456', 2650, '萬元', '1251.27坪', '43.59坪', '2房2廳2衛', '朝東南', '', 1, '臨15米路，地形方正、有水電、合法農舍。', '1.臨15米路，地形方正。2.有水電、合法農舍。3.近六堆園區，休閒好去處。4.三角窗農地、雙面臨路。', '17120101'),
('gsbl09', '岡建09', 'gsbl', '岡山成功三角優質建地', '岡山店(07)623-3456', 4168, '萬元', '197.23坪', '', '', '朝東南', '', 1, '1.大路旁、近省道、商圈、公園、熱鬧區。', '1.大路旁、近省道。2.近商圈、公園、熱鬧區。\r\n', '17120403'),
('zgfl01', '梓農01', 'zgfl', '梓官茄苳農地', '岡山店 (07)623-3456', 1150, '萬元', '285.95', '', '', '西南', '', 1, '地形方正、援中港溼地公園旁 ', '地形方正、援中港溼地公園旁\r\n地主用不到，誠意售。\r\n', '17111001'),
('mtfl01', '彌農01', 'mtfl', '彌陀優質農地', '岡山店 (07)623-3456', 628, '萬元', '430.41坪', '', '', '朝東北', '', 1, '1.小面積農地。2.地形方正。', '1.小面積農地。2.地形方正、好利用。3.藍天綠地好農地。', '17121501'),
('lzfl03', '路農03', 'lzfl', '蔡文雙面農地', '岡山店 (07)623-3456', 838, '萬元', '454.47坪', '', '', '朝南', '', 1, '1.雙面路、地形方正。2.有水有電。', '1.雙面路、地形方正。2.近省道、天后宮、蔡文國小。3.有水有電，位於三角窗。', '17122101'),
('gsvl23', '岡透23', 'gsvl', '岡山竹圍花園豪墅', '岡山店 (07)623-3456', 1660, '萬元', '47.38坪', '93.36坪', '4/3/3', '朝南', '車庫', 1, '1.大地坪。2.竹圍國小旁、生活機能佳。', '1.大地坪、好使用。2.竹圍國小旁、生活機能佳。3.前有庭園、2樓空中花園。4.邊間、三面採光、通風佳。\r\n', '17122202'),
('gslb13', '岡樓13', 'gslb', '陽光河堤三房', '岡山店 (07)623-3456', 420, '萬元', '5.2坪', '35.35坪', '3房2廳2衛2陽', '朝南', '無', 1, '近捷運、交流道、省道。屋況佳、立即可住。', '1.近捷運、交流道、省道、交通便利。2.河堤旁、週遭環境佳。3.屋況佳、立即可住。4.採光佳、通風好\r\n', '17122501');

-- --------------------------------------------------------

--
-- 資料表結構 `special`
--

CREATE TABLE `special` (
  `sort` tinyint(4) NOT NULL COMMENT '排序',
  `sid` varchar(20) DEFAULT NULL COMMENT '商品編號',
  `title` varchar(10) DEFAULT NULL,
  `story` varchar(30) DEFAULT NULL
) ENGINE=MyISAM DEFAULT CHARSET=utf8;

--
-- 資料表的匯出資料 `special`
--

INSERT INTO `special` (`sort`, `sid`, `title`, `story`) VALUES
(18, 'gsfl02', NULL, NULL),
(17, 'gsbl11', NULL, NULL),
(16, 'gsvl01', NULL, NULL),
(15, 'gsvl02', NULL, NULL),
(14, 'gsvl05', NULL, NULL),
(13, 'gsvl03', NULL, NULL),
(12, 'gsvl08', NULL, NULL),
(11, 'gsvl07', NULL, NULL),
(10, 'gslb06', NULL, NULL),
(9, 'gslb03', NULL, NULL),
(8, 'gsft01', NULL, NULL),
(7, 'gsrn01', NULL, NULL),
(6, 'gsvl15', NULL, NULL),
(5, 'hnfl08', NULL, NULL),
(4, 'hnfl08', NULL, NULL),
(3, 'zgbl01', NULL, NULL),
(2, 'qtbl01', NULL, NULL),
(1, 'zzvl01', NULL, NULL);

--
-- 已匯出資料表的索引
--

--
-- 資料表索引 `hot`
--
ALTER TABLE `hot`
  ADD PRIMARY KEY (`sort`);

--
-- 資料表索引 `marquee`
--
ALTER TABLE `marquee` ADD FULLTEXT KEY `date` (`date`);

--
-- 資料表索引 `sclass`
--
ALTER TABLE `sclass`
  ADD PRIMARY KEY (`cid`);

--
-- 資料表索引 `shirt`
--
ALTER TABLE `shirt`
  ADD PRIMARY KEY (`sid`);

--
-- 資料表索引 `special`
--
ALTER TABLE `special`
  ADD PRIMARY KEY (`sort`);

--
-- 在匯出的資料表使用 AUTO_INCREMENT
--

--
-- 使用資料表 AUTO_INCREMENT `special`
--
ALTER TABLE `special`
  MODIFY `sort` tinyint(4) NOT NULL AUTO_INCREMENT COMMENT '排序', AUTO_INCREMENT=27;
/*!40101 SET CHARACTER_SET_CLIENT=@OLD_CHARACTER_SET_CLIENT */;
/*!40101 SET CHARACTER_SET_RESULTS=@OLD_CHARACTER_SET_RESULTS */;
/*!40101 SET COLLATION_CONNECTION=@OLD_COLLATION_CONNECTION */;
